1;14.03.2017;tirsdag;20:00;Austrått 1;3 - 1;Bogafjell 1;Iglemyr kunstgressbane;G15 1. div avd 01;11115101001
1;15.03.2017;onsdag;20:00;Austrått 1;0 - 5;Bryne 3;Iglemyr kunstgressbane;G19 1. div avd 01;11119101001
2;21.03.2017;tirsdag;20:00;Egersunds 2;3 - 5;Austrått 1;Kiwi Banen Bakkebø;G15 1. div avd 01;11115101008
2;22.03.2017;onsdag;20:00;Vardeneset 1;5 - 0;Austrått 1;Vardeneset kunstgress 1- Modenabanen;G19 1. div avd 01;11119101008
1;25.03.2017;lørdag;15:00;Staal Jørpeland;5 - 2;Austrått;Jørpeland kunstgress hoved;Kvalifisering NM Menn 2017;99120901043
3;28.03.2017;tirsdag;19:00;Austrått 1;3 - 0;Finnøy 1;Iglemyr kunstgressbane;G15 1. div avd 01;11115101015
3;29.03.2017;onsdag;20:00;Austrått 1;5 - 4;Hinna 2;Iglemyr kunstgressbane;G19 1. div avd 01;11119101015
1;31.03.2017;fredag;18:00;Austrått;8 - 0;Avaldsnes;Iglemyr gras;M 4 div 2017 avdeling 02;11120402001
4;04.04.2017;tirsdag;20:00;Viking 2;6 - 3;Austrått 1;Vestbanen;G15 1. div avd 01;11115101023
1;05.04.2017;onsdag;20:00;Hana 1;4 - 3;Austrått 2;Hanabanen;G19 2. div avd 02;11119202004
2;06.04.2017;torsdag;19:00;Djerv 1919;5 - 1;Austrått;Djervbanen;M 4 div 2017 avdeling 02;11120402008
1;18.04.2017;tirsdag;17:00;Bogafjell 1;-;Austrått 1;;G12 Nivå 2 avd 06;11112206002
1;18.04.2017;tirsdag;17:10;Austrått 1;-;Bogafjell 1;;J12 Nivå 2 avd 02;11212202001
1;18.04.2017;tirsdag;18:00;Austrått 1;-;Bogafjell 3;;G11 Nivå 2 avd 08;11111208001
1;18.04.2017;tirsdag;18:00;Voll 2;-;Austrått 2;;J12 Nivå 2 avd 04;11212204005
1;18.04.2017;tirsdag;18:00;Austrått 2;-;Rosseland 2;;J11 Nivå 2 avd 04;11211204004
1;18.04.2017;tirsdag;18:00;Austrått 2;-;Midtbygdens 1;;G12 Nivå 2 avd 05;11112205005
1;18.04.2017;tirsdag;18:00;Lura 2;-;Austrått 3;;G12 Nivå 3 avd 02;11112302002
1;18.04.2017;tirsdag;18:30;Austrått /Hana 1;1 - 2;Frøyland 1;Iglemyr kunstgressbane;J13 2. div avd 02 Vårserie;11213202001
5;18.04.2017;tirsdag;20:00;Austrått 1;5 - 2;Hundvåg 1;Iglemyr kunstgressbane;G15 1. div avd 01;11115101029
1;19.04.2017;onsdag;18:00;Austrått 3;-;Sviland 1;;G10 Nivå 3 avd 02;11110302001
1;19.04.2017;onsdag;18:30;Austrått 2;2 - 3;Randaberg 2;;G16 7er avd 01;11116701005
6;19.04.2017;onsdag;20:00;Varhaug 1;4 - 1;Austrått 1;Varhaug Kunstgress 1;G19 1. div avd 01;11119101038
1;20.04.2017;torsdag;20:00;Bryne 2;4 - 5;Austrått 1;Aarbakkebanen Bryne;G16 1. div avd 01;11116101004
3;21.04.2017;fredag;19:00;Austrått;3 - 5;Frøyland;Iglemyr gras;M 4 div 2017 avdeling 02;11120402015
5;23.04.2017;søndag;19:00;Austrått 1;4 - 1;Klepp 1;Iglemyr kunstgressbane;G19 1. div avd 01;11119101029
2;24.04.2017;mandag;17:30;Austrått 1;5 - 0;Eiger 1;Iglemyr kunstgressbane;G16 1. div avd 01;11116101006
2;24.04.2017;mandag;19:00;Austrått 2;3 - 2;Brusand 1;Iglemyr kunstgressbane;G19 2. div avd 02;11119202006
1;24.04.2017;mandag;19:00;Austrått 2;1 - 3;Figgjo;Iglemyr gras;M 5 div 2017 avdeling 02;11120502001
2;24.04.2017;mandag;19:15;Varhaug 1;1 - 3;Austrått /Hana 1;Varhaug Kunstgress 2;J13 2. div avd 02 Vårserie;11213202005
2;25.04.2017;tirsdag;17:00;Bogafjell 3;-;Austrått 2;;G12 Nivå 2 avd 05;11112205010
2;25.04.2017;tirsdag;17:15;Bryne 2;-;Austrått 1;;G11 Nivå 2 avd 08;11111208006
2;25.04.2017;tirsdag;18:00;Austrått 3;-;Egersunds 2;;J12 Nivå 2 avd 05;11212205009
2;25.04.2017;tirsdag;18:00;Nærbø 1;-;Austrått 2;;J11 Nivå 2 avd 04;11211204007
2;25.04.2017;tirsdag;18:00;Austrått 1;-;Sandved 2;;G12 Nivå 2 avd 06;11112206008
2;25.04.2017;tirsdag;18:00;Austrått 3;-;Sandnes Ulf 3;;G12 Nivå 3 avd 02;11112302008
2;25.04.2017;tirsdag;18:00;Ganddal 3;-;Austrått 1;;J12 Nivå 2 avd 02;11212202006
2;25.04.2017;tirsdag;18:00;Austrått 2;-;Riska 2;;J12 Nivå 2 avd 04;11212204009
1;25.04.2017;tirsdag;20:00;Austrått 3;2 - 2;Ganddal 2;Iglemyr kunstgressbane;M 7 div 2017 avdeling 02;11120702001
2;25.04.2017;tirsdag;20:00;Randaberg 3;1 - 7;Austrått 2;;G16 7er avd 01;11116701010
2;26.04.2017;onsdag;18:00;Ålgård 3;-;Austrått 3;;G10 Nivå 3 avd 02;11110302006
2;26.04.2017;onsdag;18:00;Austrått 2;-;Bryne 3;;G10 Nivå 2 avd 09;11110209009
7;26.04.2017;onsdag;19:00;Dirdal 1;-;Austrått 1;;G12 Nivå 2 avd 06;11112206034
7;26.04.2017;onsdag;20:00;Austrått 1;1 - 4;Madla 2;Iglemyr kunstgressbane;G19 1. div avd 01;11119101043
1;27.04.2017;torsdag;18:30;Forus og Gausel 2;2 - 3;Austrått /Ganddal 1;Knudamyra kunstgress 1;J16 1. div avd 01 Vårserie;11216101001
6;27.04.2017;torsdag;18:30;Klebe 1;2 - 1;Austrått 1;Sentralidrettsanlegget;G15 1. div avd 01;11115101038
4;27.04.2017;torsdag;19:00;Kopervik;2 - 1;Austrått;Åsebøen stadion;M 4 div 2017 avdeling 02;11120402023
3;01.05.2017;mandag;19:00;Eiger 1;3 - 1;Austrått 2;Hålå kunstgras;G19 2. div avd 02;11119202012
1;02.05.2017;tirsdag;17:15;Bogafjell 1;-;Austrått 1;;J11 Nivå 2 avd 03;11211203001
3;02.05.2017;tirsdag;17:30;Ganddal 1;-;Austrått 2;;J12 Nivå 2 avd 04;11212204013
1;02.05.2017;tirsdag;18:00;Austrått 2;-;Sokndal 1;;J11 Nivå 3 avd 03;11211303003
3;02.05.2017;tirsdag;18:00;Austrått 2;-;Vigrestad 1;;J11 Nivå 2 avd 04;11211204014
3;02.05.2017;tirsdag;18:00;Austrått 2;-;Hana 1;;G12 Nivå 2 avd 05;11112205015
3;02.05.2017;tirsdag;18:00;Austrått 1;-;Hana 1;;G11 Nivå 2 avd 08;11111208011
3;02.05.2017;tirsdag;18:00;Austrått 1;-;Sunde 1;;J12 Nivå 2 avd 02;11212202011
3;02.05.2017;tirsdag;18:00;Moi 1;-;Austrått 3;;J12 Nivå 2 avd 05;11212205013
1;02.05.2017;tirsdag;18:00;Bogafjell 2;-;Austrått 2;;G11 Nivå 2 avd 07;11111207001
3;02.05.2017;tirsdag;18:00;Sandved 3;-;Austrått 3;;G12 Nivå 3 avd 02;11112302014
3;02.05.2017;tirsdag;18:30;Austrått /Hana 1;6 - 1;Havdur 1;Iglemyr kunstgressbane;J13 2. div avd 02 Vårserie;11213202009
3;02.05.2017;tirsdag;18:30;Ålgård 3;-;Austrått 1;;G12 Nivå 2 avd 06;11112206014
3;02.05.2017;tirsdag;18:45;Austrått 2;16 - 0;Oltedal 1;;G16 7er avd 01;11116701015
7;02.05.2017;tirsdag;20:00;Austrått 1;0 - 2;Klepp 1;Iglemyr kunstgressbane;G15 1. div avd 01;11115101043
1;03.05.2017;onsdag;17:00;Ganddal 3;-;Austrått 1;;J09 avd 06;11209106002
1;03.05.2017;onsdag;17:00;Riska 1;-;Austrått 5;;G07 avd 14;11107114001
1;03.05.2017;onsdag;17:00;Ålgård 6;-;Austrått 1;;G07 avd 17;11107117003
1;03.05.2017;onsdag;17:00;Sandnes Ulf 7;-;Austrått 3;;G09 avd 16;11109116002
1;03.05.2017;onsdag;17:45;Sandved 2;-;Austrått 3;;G08 avd 15;11108115003
1;03.05.2017;onsdag;17:45;Sandved 1;-;Austrått 5;;G08 avd 17;11108117002
3;03.05.2017;onsdag;18:00;Riska 2;-;Austrått 2;;G10 Nivå 2 avd 09;11110209013
1;03.05.2017;onsdag;18:00;Austrått 1;-;Sandved 3;;G08 avd 13;11108113003
1;03.05.2017;onsdag;18:00;Staal Jørpeland 2;-;Austrått 2;;G08 avd 14;11108114003
1;03.05.2017;onsdag;18:00;Austrått 1;-;Ganddal 5;;G09 avd 17;11109117004
3;03.05.2017;onsdag;18:00;Austrått 3;-;Sandnes Ulf 1;;G10 Nivå 3 avd 02;11110302011
1;03.05.2017;onsdag;18:00;Austrått 1;-;Ålgård 3;;J08 avd 05;11208105001
1;03.05.2017;onsdag;18:00;Bogafjell 1;-;Austrått 1;;G10 Nivå 2 avd 08;11110208001
1;03.05.2017;onsdag;18:00;Austrått 4;-;Forsand 1;;G07 avd 13;11107113002
1;03.05.2017;onsdag;18:00;Austrått 4;-;Frøyland 1;;G08 avd 16;11108116003
1;03.05.2017;onsdag;18:00;Staal Jørpeland 1;-;Austrått 2;;G09 avd 14;11109114002
1;03.05.2017;onsdag;18:00;Austrått 4;-;Bogafjell 4;;G06 avd 10;11106110001
1;03.05.2017;onsdag;18:00;Austrått 3;-;Bogafjell 2;;G06 avd 06;11106106001
1;03.05.2017;onsdag;18:00;Austrått 1;-;Ganddal 1;;J07 avd 06;11207106001
1;03.05.2017;onsdag;18:00;Frøyland 2;-;Austrått 2;;J07 avd 09;11207109004
1;03.05.2017;onsdag;18:00;Bogafjell 3;-;Austrått 2;;G07 avd 15;11107115001
1;03.05.2017;onsdag;18:00;Austrått 4;-;Orstad 1;;G09 avd 15;11109115004
1;03.05.2017;onsdag;18:00;Austrått 2;-;Bogafjell 3;;G06 avd 08;11106108001
1;03.05.2017;onsdag;18:00;Bogafjell 5;-;Austrått 1;;G06 avd 09;11106109001
2;03.05.2017;onsdag;20:00;Hana 2;4 - 2;Austrått 3;Hanabanen;M 7 div 2017 avdeling 02;11120702006
8;03.05.2017;onsdag;20:00;Egersunds 1;2 - 0;Austrått 1;B&G-banen;G19 1. div avd 01;11119101053
5;04.05.2017;torsdag;19:00;Austrått;1 - 2;Nærbø;Iglemyr gras;M 4 div 2017 avdeling 02;11120402029
3;04.05.2017;torsdag;20:00;Lura 1;2 - 6;Austrått 1;Lura stadion;G16 1. div avd 01;11116101012
1;05.05.2017;fredag;17:00;Austrått 1;9 - 4;Hana 2;Iglemyr kunstgressbane;G14 2. div avd 03;11114203002
2;05.05.2017;fredag;19:00;Austrått /Ganddal 1;2 - 1;Nærbø 1;Iglemyr kunstgressbane;J16 1. div avd 01 Vårserie;11216101008
4;07.05.2017;søndag;19:30;Hundvåg 1;0 - 1;Austrått 1;Hundvåg kunstgras;G19 1. div avd 01;11119101023
2;08.05.2017;mandag;18:30;Sandved 1;1 - 1;Austrått 1;Sandved gress;G14 2. div avd 03;11114203007
4;08.05.2017;mandag;20:00;Austrått 2;0 - 5;Ålgård 2;Iglemyr gras;G19 2. div avd 02;11119202020
3;08.05.2017;mandag;20:00;Forus og Gausel;6 - 4;Austrått 2;Knudamyra kunstgress 1;M 5 div 2017 avdeling 02;11120502012
2;09.05.2017;tirsdag;18:00;Austrått 2;-;Ålgård 3;;G11 Nivå 2 avd 07;11111207008
4;09.05.2017;tirsdag;18:00;Austrått 1;-;Rosseland 2;;G12 Nivå 2 avd 06;11112206017
4;09.05.2017;tirsdag;18:00;Havdur 1;-;Austrått 1;;G11 Nivå 2 avd 08;11111208017
4;09.05.2017;tirsdag;18:00;Orre 1;-;Austrått 2;;J11 Nivå 2 avd 04;11211204018
4;09.05.2017;tirsdag;18:00;Austrått 2;-;Rosseland 2;;J12 Nivå 2 avd 04;11212204018
4;09.05.2017;tirsdag;18:00;Austrått 3;-;Varhaug 1;;J12 Nivå 2 avd 05;11212205018
4;09.05.2017;tirsdag;18:00;Austrått 3;-;Vardeneset 3;;G12 Nivå 3 avd 02;11112302017
2;09.05.2017;tirsdag;18:00;Rosseland 3;-;Austrått 1;;J07 avd 06;11207106005
2;09.05.2017;tirsdag;18:00;Tonstad 1;-;Austrått 2;;J11 Nivå 3 avd 03;11211303004
2;09.05.2017;tirsdag;18:00;Austrått 1;-;Kåsen 1;;J11 Nivå 2 avd 03;11211203008
2;09.05.2017;tirsdag;18:15;Forus og Gausel 6;-;Austrått 3;;G06 avd 06;11106106006
4;09.05.2017;tirsdag;18:30;Ålgård 1;0 - 3;Austrått /Hana 1;Solås kunstgressbane;J13 2. div avd 02 Vårserie;11213202014
3;09.05.2017;tirsdag;20:00;Austrått 3;2 - 0;Havdur 2;Iglemyr kunstgressbane;M 7 div 2017 avdeling 02;11120702011
8;09.05.2017;tirsdag;20:00;Vaulen 1;5 - 2;Austrått 1;Vaulenbanen;G15 1. div avd 01;11115101053
2;10.05.2017;onsdag;17:00;Riska 4;-;Austrått 4;;G07 avd 13;11107113007
2;10.05.2017;onsdag;17:00;Frøyland 1;-;Austrått 3;;G07 avd 16;11107116007
2;10.05.2017;onsdag;17:00;Sandnes Ulf 6;-;Austrått 2;;G06 avd 08;11106108006
2;10.05.2017;onsdag;17:00;Sandnes Ulf 7;-;Austrått 4;;G06 avd 10;11106110006
2;10.05.2017;onsdag;17:00;Ålgård 2;-;Austrått 1;;G08 avd 13;11108113006
2;10.05.2017;onsdag;18:00;Austrått 2;-;Ålgård 1;;J08 avd 06;11208106007
2;10.05.2017;onsdag;18:00;Austrått 1;-;Riska 1;;J09 avd 06;11209106006
4;10.05.2017;onsdag;18:00;Austrått 2;-;Sandnes Ulf 3;;G10 Nivå 2 avd 09;11110209018
2;10.05.2017;onsdag;18:00;Austrått 3;-;Ganddal 1;;G08 avd 15;11108115005
2;10.05.2017;onsdag;18:00;Austrått 3;-;Riska 2;;G09 avd 16;11109116006
2;10.05.2017;onsdag;18:00;Havdur 1;-;Austrått 1;;G09 avd 17;11109117008
2;10.05.2017;onsdag;18:00;Austrått 2;-;Sandved 2;;J07 avd 09;11207109007
2;10.05.2017;onsdag;18:00;Austrått 1;-;Frøyland 2;;G07 avd 17;11107117005
2;10.05.2017;onsdag;18:00;Austrått 2;-;Sandnes Ulf 5;;G08 avd 14;11108114005
2;10.05.2017;onsdag;18:00;Austrått 2;-;Bogafjell 4;;G09 avd 14;11109114006
4;10.05.2017;onsdag;18:00;Figgjo 1;-;Austrått 3;;G10 Nivå 3 avd 02;11110302017
2;10.05.2017;onsdag;18:00;Orstad 1;-;Austrått 1;;J08 avd 05;11208105005
2;10.05.2017;onsdag;18:00;Austrått 1;-;Havdur 1;;G10 Nivå 2 avd 08;11110208008
2;10.05.2017;onsdag;18:00;Figgjo 2;-;Austrått 4;;G08 avd 16;11108116006
1;10.05.2017;onsdag;18:00;Voll 1;-;Austrått 1;;J06 avd 02;11206102002
2;10.05.2017;onsdag;18:00;Austrått 1;-;Sandnes Ulf 1;;G06 avd 09;11106109005
2;10.05.2017;onsdag;18:30;Høle 1;-;Austrått 4;;G09 avd 15;11109115008
4;10.05.2017;onsdag;19:00;Randaberg 1;-;Austrått 1;;J12 Nivå 2 avd 02;11212202017
9;10.05.2017;onsdag;20:00;Austrått 1;1 - 2;Frøyland 1;Iglemyr gras;G19 1. div avd 01;11119101057
6;11.05.2017;torsdag;19:00;Riska;8 - 0;Austrått;KAPH-banen Riska stadion;M 4 div 2017 avdeling 02;11120402038
7;11.05.2017;torsdag;19:30;Ganddal 2;-;Austrått 3;;J12 Nivå 2 avd 05;11212205033
4;11.05.2017;torsdag;20:00;Bryne 3;3 - 4;Austrått 2;;G16 7er avd 01;11116701020
3;11.05.2017;torsdag;20:00;Austrått /Ganddal 1;1 - 1;Vardeneset 1;Iglemyr kunstgressbane;J16 1. div avd 01 Vårserie;11216101010
4;12.05.2017;fredag;18:00;Austrått 1;1 - 2;Vaulen 1;Iglemyr kunstgressbane;G16 1. div avd 01;11116101020
10;14.05.2017;søndag;17:00;Midtbygdens 1;5 - 0;Austrått 1;Tau kunstgress;G19 1. div avd 01;11119101068
2;14.05.2017;søndag;19:30;Bogafjell;1 - 3;Austrått;Bogafjell Kunstgressbane;OBOS cup menn 2017;11533301014
3;15.05.2017;mandag;16:30;Lura 1;-;Austrått 2;;J08 avd 06;11208106011
3;15.05.2017;mandag;17:00;Riska 3;-;Austrått 1;;G07 avd 17;11107117010
3;15.05.2017;mandag;17:00;Sandnes Ulf 2;-;Austrått 5;;G08 avd 17;11108117009
3;15.05.2017;mandag;17:00;Sandnes Ulf 5;-;Austrått 2;;G09 avd 14;11109114009
5;15.05.2017;mandag;18:30;Austrått /Hana 1;1 - 2;Eiger 2;Iglemyr kunstgressbane;J13 2. div avd 02 Vårserie;11213202017
4;15.05.2017;mandag;19:00;Austrått 2;1 - 3;Havdur;Iglemyr gras;M 5 div 2017 avdeling 02;11120502016
4;15.05.2017;mandag;20:00;Havørn 2;3 - 0;Austrått 3;Tananger kunstgress 2;M 7 div 2017 avdeling 02;11120702017
3;16.05.2017;tirsdag;17:45;Rosseland 4;-;Austrått 1;;J09 avd 06;11209106009
5;16.05.2017;tirsdag;18:00;Austrått 1;-;Sandved 2;;J12 Nivå 2 avd 02;11212202021
5;16.05.2017;tirsdag;18:00;Bjerkreim 1;-;Austrått 3;;J12 Nivå 2 avd 05;11212205021
5;16.05.2017;tirsdag;18:00;Austrått 1;-;Klepp 1;;G11 Nivå 2 avd 08;11111208021
3;16.05.2017;tirsdag;18:00;Austrått 2;-;Orstad 1;;J11 Nivå 3 avd 03;11211303007
5;16.05.2017;tirsdag;18:00;Hana 2;-;Austrått 1;;G12 Nivå 2 avd 06;11112206022
3;16.05.2017;tirsdag;18:00;Austrått 2;-;Sandnes Ulf 2;;G11 Nivå 2 avd 07;11111207010
3;16.05.2017;tirsdag;18:00;Austrått 1;-;Klepp 1;;J11 Nivå 2 avd 03;11211203010
5;16.05.2017;tirsdag;18:00;Austrått 2;-;Hinna 4;;G12 Nivå 2 avd 05;11112205025
5;16.05.2017;tirsdag;18:00;Orstad 1;-;Austrått 3;;G12 Nivå 3 avd 02;11112302022
5;16.05.2017;tirsdag;18:45;Austrått 2;8 - 0;Hellvik 1;;G16 7er avd 01;11116701025
3;17.05.2017;onsdag;18:00;Austrått 1;-;Riska 1;;G10 Nivå 2 avd 08;11110208010
3;17.05.2017;onsdag;18:00;Austrått 1;-;Ganddal 4;;G08 avd 13;11108113011
3;17.05.2017;onsdag;18:00;Forsand 1;-;Austrått 2;;G08 avd 14;11108114010
3;17.05.2017;onsdag;18:00;Bogafjell 2;-;Austrått 3;;G08 avd 15;11108115010
3;17.05.2017;onsdag;18:00;Austrått 4;-;Dirdal 1;;G09 avd 15;11109115012
3;17.05.2017;onsdag;18:00;Austrått 1;-;Lura 2;;G09 avd 17;11109117012
5;17.05.2017;onsdag;18:00;Austrått 3;-;Forsand 1;;G10 Nivå 3 avd 02;11110302021
3;17.05.2017;onsdag;18:00;Austrått 1;-;Sandnes Ulf 1;;J07 avd 06;11207106009
3;17.05.2017;onsdag;18:00;Nærbø 4;-;Austrått 2;;J07 avd 09;11207109011
3;17.05.2017;onsdag;18:00;Austrått 1;-;Høle 1;;J08 avd 05;11208105009
3;17.05.2017;onsdag;18:00;Austrått 5;-;Ålgård 2;;G07 avd 14;11107114010
3;17.05.2017;onsdag;18:00;Hana 2;-;Austrått 3;;G07 avd 16;11107116012
3;17.05.2017;onsdag;18:00;Austrått 4;-;Sandnes Ulf 1;;G08 avd 16;11108116011
2;17.05.2017;onsdag;18:00;Ganddal 1;-;Austrått 2;;J06 avd 01;11206101004
2;17.05.2017;onsdag;18:00;Austrått 1;-;Ganddal 2;;J06 avd 02;11206102004
5;17.05.2017;onsdag;18:00;Hana 3;-;Austrått 2;;G10 Nivå 2 avd 09;11110209021
3;17.05.2017;onsdag;18:00;Austrått 2;-;Ålgård 1;;G07 avd 15;11107115010
3;18.05.2017;torsdag;18:00;Ganddal 3;-;Austrått 3;;G09 avd 16;11109116009
7;19.05.2017;fredag;19:00;Austrått;2 - 3;Skjold;Iglemyr gras;M 4 div 2017 avdeling 02;11120402043
5;21.05.2017;søndag;17:30;Austrått 1;4 - 1;Viking 2;Iglemyr kunstgressbane;G16 1. div avd 01;11116101023
4;21.05.2017;søndag;19:00;Austrått /Ganddal 1;2 - 5;Eiger 1;Iglemyr kunstgressbane;J16 1. div avd 01 Vårserie;11216101014
3;22.05.2017;mandag;17:00;Riska 1;5 - 1;Austrått 1;KAPH-banen Riska stadion;G14 2. div avd 03;11114203012
6;22.05.2017;mandag;19:00;Austrått 2;3 - 1;Sandved;Iglemyr gras;M 5 div 2017 avdeling 02;11120502027
5;22.05.2017;mandag;20:00;Austrått 2;4 - 5;Nærbø 1;Iglemyr kunstgressbane;G19 2. div avd 02;11119202023
6;23.05.2017;tirsdag;17:30;Riska 1;-;Austrått 1;;G11 Nivå 2 avd 08;11111208028
4;23.05.2017;tirsdag;18:00;Bjerkreim 1;-;Austrått 1;;J11 Nivå 2 avd 03;11211203014
6;23.05.2017;tirsdag;18:00;Ålgård 4;-;Austrått 2;;G12 Nivå 2 avd 05;11112205030
6;23.05.2017;tirsdag;18:00;Austrått 1;-;Voll 1;;G12 Nivå 2 avd 06;11112206026
6;23.05.2017;tirsdag;18:00;Austrått 2;-;Riska 1;;J12 Nivå 2 avd 04;11212204027
6;23.05.2017;tirsdag;18:00;Austrått 3;-;Frøyland 2;;G12 Nivå 3 avd 02;11112302026
6;23.05.2017;tirsdag;18:00;Austrått 3;-;Egersunds 1;;J12 Nivå 2 avd 05;11212205027
4;23.05.2017;tirsdag;18:00;Hana 2;-;Austrått 2;;G11 Nivå 2 avd 07;11111207014
4;23.05.2017;tirsdag;18:00;Austrått 2;-;Ålgård 1;;J11 Nivå 3 avd 03;11211303010
6;23.05.2017;tirsdag;18:00;Madla 1;-;Austrått 1;;J12 Nivå 2 avd 02;11212202028
3;23.05.2017;tirsdag;18:15;Sandnes Ulf 4;-;Austrått 4;;G06 avd 10;11106110007
6;23.05.2017;tirsdag;18:30;Tonstad 1;0 - 6;Austrått /Hana 1;Tonstad stadion mini A;J13 2. div avd 02 Vårserie;11213202023
6;23.05.2017;tirsdag;19:00;Ålgård 3;5 - 2;Austrått 2;;G16 7er avd 01;11116701030
5;23.05.2017;tirsdag;20:00;Austrått 3;1 - 5;Hinna 2;Iglemyr kunstgressbane;M 7 div 2017 avdeling 02;11120702021
10;23.05.2017;tirsdag;20:00;Vardeneset 1;3 - 3;Austrått 1;Vardeneset kunstgress 2 - Helgø Meny banen;G15 1. div avd 01;11115101068
4;24.05.2017;onsdag;17:00;Riska 1;-;Austrått 1;;G09 avd 17;11109117016
4;24.05.2017;onsdag;17:00;Lura 1;-;Austrått 1;;G08 avd 13;11108113013
4;24.05.2017;onsdag;17:00;Frøyland 1;-;Austrått 1;;J08 avd 05;11208105015
4;24.05.2017;onsdag;18:00;Bogafjell 2;-;Austrått 1;;J07 avd 06;11207106015
4;24.05.2017;onsdag;18:00;Austrått 2;-;Frøyland 2;;J08 avd 06;11208106015
4;24.05.2017;onsdag;18:00;Austrått 1;-;Frøyland 1;;J09 avd 06;11209106014
4;24.05.2017;onsdag;18:00;Austrått 4;-;Høle 1;;G07 avd 13;11107113013
4;24.05.2017;onsdag;18:00;Hana 3;-;Austrått 2;;G07 avd 15;11107115014
4;24.05.2017;onsdag;18:00;Austrått 5;-;Lura 2;;G08 avd 17;11108117014
4;24.05.2017;onsdag;18:00;Austrått 2;-;Lura 4;;G09 avd 14;11109114014
4;24.05.2017;onsdag;18:00;Bogafjell 1;-;Austrått 4;;G09 avd 15;11109115016
4;24.05.2017;onsdag;18:00;Austrått 3;-;Ålgård 5;;G09 avd 16;11109116014
6;24.05.2017;onsdag;18:00;Klebe 1;-;Austrått 3;;G10 Nivå 3 avd 02;11110302028
3;24.05.2017;onsdag;18:00;Austrått 1;-;Voll 1;;G06 avd 09;11106109008
4;24.05.2017;onsdag;18:00;Austrått 2;-;Bogafjell 1;;J07 avd 09;11207109015
3;24.05.2017;onsdag;18:00;Voll 2;-;Austrått 2;;G06 avd 08;11106108007
6;24.05.2017;onsdag;18:00;Austrått 2;-;Bogafjell 2;;G10 Nivå 2 avd 09;11110209027
4;24.05.2017;onsdag;18:00;Bogafjell 2;-;Austrått 5;;G07 avd 14;11107114014
4;24.05.2017;onsdag;18:00;Austrått 3;-;Ganddal 1;;G07 avd 16;11107116013
4;24.05.2017;onsdag;18:00;Bogafjell 5;-;Austrått 4;;G08 avd 16;11108116013
3;24.05.2017;onsdag;18:00;Austrått 2;-;Forus og Gausel 1;;J06 avd 01;11206101007
3;24.05.2017;onsdag;18:00;Ganddal 2;-;Austrått 3;;G06 avd 06;11106106007
4;24.05.2017;onsdag;19:00;Hinna 7;-;Austrått 1;;G10 Nivå 2 avd 08;11110208014
11;24.05.2017;onsdag;20:00;Austrått 1;1 - 1;Vidar 1;Iglemyr gras;G19 1. div avd 01;11119101071
1;28.05.2017;søndag;18:00;Brodd 2;4 - 5;Austrått 1;NSE-banen Midjord kunstgras;OBOS cupen G16;11116121001
4;29.05.2017;mandag;18:30;Austrått 1;1 - 5;Lura 1;Iglemyr kunstgressbane;G14 2. div avd 03;11114203013
7;30.05.2017;tirsdag;18:00;Austrått 1;-;Lura 1;;J12 Nivå 2 avd 02;11212202031
7;30.05.2017;tirsdag;18:00;Klepp 1;-;Austrått 2;;J12 Nivå 2 avd 04;11212204033
7;30.05.2017;tirsdag;18:00;Austrått 1;-;Sandnes Ulf 5;;G11 Nivå 2 avd 08;11111208031
5;30.05.2017;tirsdag;18:00;Austrått 1;-;Rosseland 3;;J11 Nivå 2 avd 03;11211203018
7;30.05.2017;tirsdag;18:00;Austrått 2;-;Klepp 5;;G12 Nivå 2 avd 05;11112205035
5;30.05.2017;tirsdag;18:00;Austrått 2;-;Lura 1;;G11 Nivå 2 avd 07;11111207018
5;30.05.2017;tirsdag;18:00;Moi 1 5er;-;Austrått 2;;J11 Nivå 3 avd 03;11211303013
7;30.05.2017;tirsdag;18:00;Kvitsøy 1;-;Austrått 3;;G12 Nivå 3 avd 02;11112302034
7;30.05.2017;tirsdag;18:30;Austrått /Hana 1;1 - 2;Orre 1;Iglemyr kunstgressbane;J13 2. div avd 02 Vårserie;11213202025
8;30.05.2017;tirsdag;19:00;Vard Haugesund 2;4 - 1;Austrått;Gymnasbane 5;M 4 div 2017 avdeling 02;11120402053
6;30.05.2017;tirsdag;20:00;Sola 1;3 - 4;Austrått 1;Sola 2;G16 1. div avd 01;11116101026
5;31.05.2017;onsdag;17:00;Sandved 1;-;Austrått 2;;J08 avd 06;11208106018
5;31.05.2017;onsdag;17:00;Orstad 2;-;Austrått 1;;G07 avd 17;11107117019
5;31.05.2017;onsdag;17:00;Hana 2;-;Austrått 1;;G08 avd 13;11108113020
5;31.05.2017;onsdag;17:00;Hana 1;-;Austrått 2;;G08 avd 14;11108114019
5;31.05.2017;onsdag;17:00;Ålgård 2;-;Austrått 2;;J07 avd 09;11207109018
5;31.05.2017;onsdag;17:00;Ålgård 5;-;Austrått 3;;G07 avd 16;11107116017
5;31.05.2017;onsdag;17:00;Austrått 1;-;Bogafjell 3;;G09 avd 17;11109117020
5;31.05.2017;onsdag;18:00;Austrått 1;-;Sandved 2;;J08 avd 05;11208105017
5;31.05.2017;onsdag;18:00;Austrått 1;-;Sola 2;;G10 Nivå 2 avd 08;11110208018
5;31.05.2017;onsdag;18:00;Bogafjell 1;-;Austrått 4;;G07 avd 13;11107113017
5;31.05.2017;onsdag;18:00;Austrått 3;-;Bogafjell 2;;G09 avd 16;11109116019
12;31.05.2017;onsdag;18:00;Randaberg 1;3 - 1;Austrått 1;Randaberg stadion;G19 1. div avd 01;11119101083
5;31.05.2017;onsdag;18:00;Austrått 1;-;Sandved 1;;J07 avd 06;11207106017
5;31.05.2017;onsdag;18:00;Austrått 2;-;Frøyland 4;;G07 avd 15;11107115018
5;31.05.2017;onsdag;18:00;Austrått 2;-;Hana 1;;G09 avd 14;11109114019
7;31.05.2017;onsdag;18:00;Austrått 3;-;Ålgård 4;;G10 Nivå 3 avd 02;11110302031
4;31.05.2017;onsdag;18:00;Randaberg 2;-;Austrått 1;;J06 avd 02;11206102012
4;31.05.2017;onsdag;18:00;Ganddal 1;-;Austrått 1;;G06 avd 09;11106109010
5;31.05.2017;onsdag;18:00;Austrått 1;-;Høle 1;;J09 avd 06;11209106019
5;31.05.2017;onsdag;18:00;Austrått 5;-;Lura 3;;G07 avd 14;11107114018
5;31.05.2017;onsdag;18:00;Austrått 5;-;Staal Jørpeland 1;;G08 avd 17;11108117019
5;31.05.2017;onsdag;18:00;Austrått 4;-;Hana 2;;G09 avd 15;11109115020
4;31.05.2017;onsdag;18:00;Austrått 2;-;Sandnes Ulf 2;;G06 avd 08;11106108011
4;31.05.2017;onsdag;18:00;Austrått 4;-;Hana 1;;G06 avd 10;11106110011
4;31.05.2017;onsdag;18:00;Austrått 3;-;Hinna 2;;G06 avd 06;11106106011
4;31.05.2017;onsdag;18:00;Austrått 2;-;Mastra 2;;J06 avd 01;11206101010
5;31.05.2017;onsdag;18:15;Sandnes Ulf 4;-;Austrått 3;;G08 avd 15;11108115019
7;31.05.2017;onsdag;18:30;Austrått 2;7 - 2;Ålgård 2;;G16 7er avd 01;11116701035
7;31.05.2017;onsdag;19:00;Ganddal 1;-;Austrått 2;;G10 Nivå 2 avd 09;11110209033
6;31.05.2017;onsdag;20:00;Riska 3;5 - 2;Austrått 3;KAPH-banen Riska stadion;M 7 div 2017 avdeling 02;11120702028
9;02.06.2017;fredag;19:00;Austrått;1 - 2;Vardeneset;Iglemyr gras;M 4 div 2017 avdeling 02;11120402057
8;05.06.2017;mandag;18:00;Forus og Gausel 3;-;Austrått 3;;G12 Nivå 3 avd 02;11112302040
7;05.06.2017;mandag;19:00;Forsand;2 - 1;Austrått 2;Skogabakke gras;M 5 div 2017 avdeling 02;11120502032
6;05.06.2017;mandag;20:00;Egersunds 2;8 - 2;Austrått 2;Kiwi Banen Bakkebø;G19 2. div avd 02;11119202026
8;06.06.2017;tirsdag;18:00;Ålgård 4;-;Austrått 1;;G11 Nivå 2 avd 08;11111208039
8;06.06.2017;tirsdag;18:00;Mastra 1;-;Austrått 1;;J12 Nivå 2 avd 02;11212202039
8;06.06.2017;tirsdag;18:00;Austrått 2;-;Rosseland 1;;J12 Nivå 2 avd 04;11212204036
6;06.06.2017;tirsdag;18:00;Sokndal 1;-;Austrått 2;;J11 Nivå 3 avd 03;11211303018
6;06.06.2017;tirsdag;18:00;Klepp 2;-;Austrått 1;;J11 Nivå 2 avd 03;11211203022
8;06.06.2017;tirsdag;18:00;Austrått 3;-;Rosseland 3;;J12 Nivå 2 avd 05;11212205036
8;06.06.2017;tirsdag;18:00;Austrått 2;-;Forus og Gausel 2;;G12 Nivå 2 avd 05;11112205040
8;06.06.2017;tirsdag;18:00;Høle 1;-;Austrått 1;;G12 Nivå 2 avd 06;11112206040
5;06.06.2017;tirsdag;18:15;Forus og Gausel 4;-;Austrått 3;;G06 avd 06;11106106014
8;06.06.2017;tirsdag;18:30;Austrått 2;4 - 3;Mastra 1;;G16 7er avd 01;11116701040
7;06.06.2017;tirsdag;20:00;Austrått 3;0 - 3;Julebygda;Iglemyr kunstgressbane;M 7 div 2017 avdeling 02;11120702031
5;07.06.2017;onsdag;17:00;Sandnes Ulf 3;1 - 8;Austrått 1;Somabanen;G14 2. div avd 03;11114203017
6;07.06.2017;onsdag;17:00;Sandnes Ulf 1;-;Austrått 1;;J08 avd 05;11208105023
6;07.06.2017;onsdag;17:00;Bogafjell 5;-;Austrått 1;;G07 avd 17;11107117021
6;07.06.2017;onsdag;17:00;Sandnes Ulf 2;-;Austrått 5;;G07 avd 14;11107114022
6;07.06.2017;onsdag;17:00;Riska 2;-;Austrått 2;;G07 avd 15;11107115022
6;07.06.2017;onsdag;17:00;Riska 2;-;Austrått 3;;G08 avd 15;11108115021
6;07.06.2017;onsdag;17:00;Bogafjell 1;-;Austrått 5;;G08 avd 17;11108117024
5;07.06.2017;onsdag;17:00;Randaberg 1;-;Austrått 2;;J06 avd 01;11206101013
6;07.06.2017;onsdag;17:30;Høle 1;-;Austrått 2;;G08 avd 14;11108114021
6;07.06.2017;onsdag;18:00;Høle 1;-;Austrått 2;;G11 Nivå 2 avd 07;11111207022
6;07.06.2017;onsdag;18:00;Austrått 3;-;Lura 1;;G07 avd 16;11107116022
6;07.06.2017;onsdag;18:00;Austrått 4;-;Ganddal 2;;G08 avd 16;11108116023
6;07.06.2017;onsdag;18:00;Austrått 1;-;Ålgård 4;;G09 avd 17;11109117024
6;07.06.2017;onsdag;18:00;Klebe 2;-;Austrått 1;;J07 avd 06;11207106023
6;07.06.2017;onsdag;18:00;Austrått 2;-;Klebe 1;;J07 avd 09;11207109021
8;07.06.2017;onsdag;18:00;Austrått 2;-;Rosseland 4;;G10 Nivå 2 avd 09;11110209036
6;07.06.2017;onsdag;18:00;Austrått 4;-;Sviland 1;;G07 avd 13;11107113022
6;07.06.2017;onsdag;18:00;Austrått 4;-;Oltedal 1;;G09 avd 15;11109115024
6;07.06.2017;onsdag;18:00;Austrått 2;-;Sandnes Ulf 2;;J08 avd 06;11208106021
6;07.06.2017;onsdag;18:00;Sandved 1;-;Austrått 1;;G10 Nivå 2 avd 08;11110208022
6;07.06.2017;onsdag;18:00;Austrått 1;-;Riska 1;;G08 avd 13;11108113023
6;07.06.2017;onsdag;18:00;Sandved 2;-;Austrått 2;;G09 avd 14;11109114024
6;07.06.2017;onsdag;18:00;Ålgård 1;-;Austrått 3;;G09 avd 16;11109116024
8;07.06.2017;onsdag;18:00;Stavanger 3;-;Austrått 3;;G10 Nivå 3 avd 02;11110302039
5;07.06.2017;onsdag;18:00;Ganddal 5;-;Austrått 2;;G06 avd 08;11106108014
5;07.06.2017;onsdag;18:00;Austrått 1;-;Sandnes Ulf 8;;G06 avd 09;11106109015
5;07.06.2017;onsdag;18:00;Austrått 1;-;Mastra 1;;J06 avd 02;11206102014
10;08.06.2017;torsdag;19:00;Varhaug;2 - 3;Austrått;Varhaug Kunstgress 1;M 4 div 2017 avdeling 02;11120402068
6;08.06.2017;torsdag;20:00;Egersunds 1;1 - 2;Austrått /Ganddal 1;Kiwi Banen Bakkebø;J16 1. div avd 01 Vårserie;11216101022
7;09.06.2017;fredag;18:00;Austrått 2;3 - 2;Frøyland 2;Iglemyr gras;G19 2. div avd 02;11119202033
9;11.06.2017;søndag;18:00;Finnøy 1;7 - 9;Austrått 2;Leikvoll stadion 9er A;G16 7er avd 01;11116701045
13;11.06.2017;søndag;19:00;Austrått 1;2 - 1;Ålgård 1;Iglemyr gras;G19 1. div avd 01;11119101091
7;11.06.2017;søndag;19:00;Austrått 1;0 - 1;Tjensvoll 1;Iglemyr kunstgressbane;G16 1. div avd 01;11116101033
9;12.06.2017;mandag;19:00;Oltedal;1 - 4;Austrått 2;Oltedal stadion;M 5 div 2017 avdeling 02;11120502042
13;12.06.2017;mandag;20:00;Austrått 1;3 - 3;Ålgård 1;Iglemyr kunstgressbane;G15 1. div avd 01;11115101091
9;13.06.2017;tirsdag;17:00;Riska 2;-;Austrått 2;;G12 Nivå 2 avd 05;11112205045
7;13.06.2017;tirsdag;18:00;Austrått 2;-;Tonstad 1;;J11 Nivå 3 avd 03;11211303019
9;13.06.2017;tirsdag;18:00;Austrått 3;-;Ganddal 1;;G12 Nivå 3 avd 02;11112302044
7;13.06.2017;tirsdag;18:00;Austrått 2;-;Riska 2;;G11 Nivå 2 avd 07;11111207025
7;13.06.2017;tirsdag;18:00;Austrått 1;-;Havdur 1;;J11 Nivå 2 avd 03;11211203025
9;13.06.2017;tirsdag;18:00;Austrått 1;-;Finnøy 1;;J12 Nivå 2 avd 02;11212202045
9;13.06.2017;tirsdag;18:00;Austrått 1;-;Bogafjell 5;;G11 Nivå 2 avd 08;11111208045
9;13.06.2017;tirsdag;18:00;Austrått 1;-;Riska 1;;G12 Nivå 2 avd 06;11112206044
9;13.06.2017;tirsdag;18:00;Voll 1;-;Austrått 2;;J12 Nivå 2 avd 04;11212204044
5;13.06.2017;tirsdag;18:25;Austrått /Ganddal 1;3 - 1;Midtbygdens 1;Iglemyr kunstgressbane;J16 1. div avd 01 Vårserie;11216101018
9;13.06.2017;tirsdag;19:00;Frøyland 1;-;Austrått 3;;J12 Nivå 2 avd 05;11212205044
7;14.06.2017;onsdag;17:00;Ålgård 5;-;Austrått 4;;G08 avd 16;11108116025
7;14.06.2017;onsdag;17:00;Riska 4;-;Austrått 4;;G09 avd 15;11109115028
7;14.06.2017;onsdag;17:00;Sandnes Ulf 6;-;Austrått 1;;G09 avd 17;11109117028
7;14.06.2017;onsdag;17:00;Bogafjell 3;-;Austrått 1;;G08 avd 13;11108113025
7;14.06.2017;onsdag;18:00;Sviland 1;-;Austrått 2;;J07 avd 09;11207109027
7;14.06.2017;onsdag;18:00;Austrått 1;-;Hana 2;;G10 Nivå 2 avd 08;11110208025
9;14.06.2017;onsdag;18:00;Lura 1;-;Austrått 2;;G10 Nivå 2 avd 09;11110209044
7;14.06.2017;onsdag;18:00;Hana 4;-;Austrått 4;;G07 avd 13;11107113026
7;14.06.2017;onsdag;18:00;Austrått 5;-;Hana 1;;G07 avd 14;11107114025
7;14.06.2017;onsdag;18:00;Austrått 2;-;Figgjo 1;;G07 avd 15;11107115025
7;14.06.2017;onsdag;18:00;Figgjo 2;-;Austrått 3;;G07 avd 16;11107116026
7;14.06.2017;onsdag;18:00;Austrått 5;-;Ganddal 3;;G08 avd 17;11108117027
6;14.06.2017;onsdag;18:00;Bogafjell 3;-;Austrått 2;;G06 avd 08;11106108016
6;14.06.2017;onsdag;18:00;Austrått 1;-;Bogafjell 5;;G06 avd 09;11106109016
7;14.06.2017;onsdag;18:00;Austrått 1;-;Bogafjell 1;;J09 avd 06;11209106027
7;14.06.2017;onsdag;18:00;Austrått 2;-;Bogafjell 4;;G08 avd 14;11108114026
7;14.06.2017;onsdag;18:00;Austrått 3;-;Ålgård 4;;G08 avd 15;11108115026
9;14.06.2017;onsdag;18:00;Austrått 3;-;Ganddal 2;;G10 Nivå 3 avd 02;11110302045
6;14.06.2017;onsdag;18:00;Austrått 1;-;Voll 1;;J06 avd 02;11206102017
6;14.06.2017;onsdag;18:00;Bogafjell 4;-;Austrått 4;;G06 avd 10;11106110016
7;14.06.2017;onsdag;18:00;Bogafjell 1;-;Austrått 2;;J08 avd 06;11208106027
7;14.06.2017;onsdag;18:00;Austrått 1;-;Sandnes Ulf 4;;G07 avd 17;11107117026
7;14.06.2017;onsdag;18:00;Austrått 2;-;Riska 3;;G09 avd 14;11109114027
7;14.06.2017;onsdag;18:00;Austrått 3;-;Frøyland 2;;G09 avd 16;11109116027
6;14.06.2017;onsdag;18:00;Bogafjell 2;-;Austrått 3;;G06 avd 06;11106106016
6;14.06.2017;onsdag;18:30;Austrått 1;8 - 3;Voll 3;Iglemyr kunstgressbane;G14 2. div avd 03;11114203022
14;14.06.2017;onsdag;20:00;Bryne 3;-;Austrått 1;Aarbakkebanen Bryne;G19 1. div avd 01;11119101092
8;14.06.2017;onsdag;20:00;Stavanger 2;3 - 2;Austrått 3;SIF kunstgress 1;M 7 div 2017 avdeling 02;11120702039
11;15.06.2017;torsdag;19:00;Austrått;2 - 1;Vaulen;Iglemyr gras;M 4 div 2017 avdeling 02;11120402071
7;15.06.2017;torsdag;20:00;Vidar 2;2 - 2;Austrått /Ganddal 1;Kaph Banen;J16 1. div avd 01 Vårserie;11216101025
8;18.06.2017;søndag;20:00;Moi 1;1 - 0;Austrått 2;Moi kunstgress;G19 2. div avd 02;11119202037
8;19.06.2017;mandag;17:30;Bryne 3;1 - 5;Austrått /Hana 1;Aarbakkebanen Bryne 9er 2;J13 2. div avd 02 Vårserie;11213202032
10;19.06.2017;mandag;19:00;Austrått 2;1 - 2;Bogafjell;Iglemyr gras;M 5 div 2017 avdeling 02;11120502049
9;19.06.2017;mandag;20:00;Austrått 2;2 - 1;Sandnes Ulf 2;Iglemyr kunstgressbane;G19 2. div avd 02;11119202042
10;19.06.2017;mandag;20:00;Randaberg 2;4 - 6;Austrått 2;;G16 7er avd 01;11116701050
10;20.06.2017;tirsdag;18:00;Austrått 2;-;Voll 2;;J12 Nivå 2 avd 04;11212204050
9;20.06.2017;tirsdag;20:00;Austrått 3;4 - 5;Rosseland 2;Iglemyr kunstgressbane;M 7 div 2017 avdeling 02;11120702045
14;20.06.2017;tirsdag;20:00;Bogafjell 1;3 - 4;Austrått 1;Bogafjellbanen;G15 1. div avd 01;11115101092
9;21.06.2017;onsdag;18:25;Austrått 1;4 - 2;Randaberg 1;Iglemyr kunstgressbane;G16 1. div avd 01;11116101042
15;21.06.2017;onsdag;20:00;Austrått 1;0 - 3;Vardeneset 1;Iglemyr gras;G19 1. div avd 01;11119101099
12;24.06.2017;lørdag;15:00;Åkra;4 - 1;Austrått;Åkra kunstgress;M 4 div 2017 avdeling 02;11120402083
11;26.06.2017;mandag;20:00;Vardeneset 2;3 - 1;Austrått 2;Vardeneset kunstgress 1- Modenabanen;M 5 div 2017 avdeling 02;11120502051
13;29.06.2017;torsdag;19:00;Austrått;2 - 3;Ålgård;Iglemyr gras;M 4 div 2017 avdeling 02;11120402091
8;30.06.2017;fredag;19:00;Austrått 2;2 - 4;Staal Jørpeland 2;Iglemyr gras;M 5 div 2017 avdeling 02;11120502038
3;01.08.2017;tirsdag;19:00;Austrått;5 - 1;Kåsen;Iglemyr gras;OBOS cup menn 2017;11533301027
14;07.08.2017;mandag;19:00;Avaldsnes;2 - 4;Austrått;Avaldsnes 1;M 4 div 2017 avdeling 02;11120402092
15;10.08.2017;torsdag;19:00;Austrått;1 - 5;Djerv 1919;Iglemyr gras;M 4 div 2017 avdeling 02;11120402099
12;14.08.2017;mandag;19:00;Figgjo;0 - 5;Austrått 2;Figgjo stadion;M 5 div 2017 avdeling 02;11120502056
4;15.08.2017;tirsdag;19:00;Austrått;8 - 7;Moi;Iglemyr gras;OBOS cup menn 2017;11533301036
10;15.08.2017;tirsdag;19:30;Ganddal 2;6 - 3;Austrått 3;Ganddal Idrettspark gress;M 7 div 2017 avdeling 02;11120702046
16;15.08.2017;tirsdag;20:00;Hinna 2;1 - 3;Austrått 1;NSE Banen - Hinna Stadion;G19 1. div avd 01;11119101106
16;18.08.2017;fredag;18:30;Frøyland;4 - 2;Austrått;Frøyland stadion;M 4 div 2017 avdeling 02;11120402106
2;20.08.2017;søndag;17:30;Austrått 1;3 - 1;Sola;Iglemyr kunstgressbane;OBOS cupen G16;11116121004
10;21.08.2017;mandag;18:00;Austrått 2;0 - 7;Hana 1;Iglemyr gras;G19 2. div avd 02;11119202049
1;21.08.2017;mandag;18:30;Austrått /Hana 1;5 - 2;Voll 1;Iglemyr kunstgressbane;J13 2. div avd 04 Høst;11213204003
11;21.08.2017;mandag;18:45;Austrått 2;3 - 2;Randaberg 3;;G16 7er avd 01;11116701055
11;22.08.2017;tirsdag;17:00;Riska 2;-;Austrått 2;;J12 Nivå 2 avd 04;11212204054
10;22.08.2017;tirsdag;17:00;Bogafjell 1;-;Austrått 1;;J12 Nivå 2 avd 02;11212202046
8;22.08.2017;tirsdag;18:00;Austrått 1;-;Bogafjell 1;;J11 Nivå 2 avd 03;11211203029
10;22.08.2017;tirsdag;18:00;Austrått 3;-;Lura 2;;G12 Nivå 3 avd 02;11112302047
8;22.08.2017;tirsdag;18:00;Austrått 2;-;Bogafjell 2;;G11 Nivå 2 avd 07;11111207029
10;22.08.2017;tirsdag;18:00;Bogafjell 3;-;Austrått 1;;G11 Nivå 2 avd 08;11111208046
8;22.08.2017;tirsdag;18:00;Orstad 1;-;Austrått 2;;J11 Nivå 3 avd 03;11211303022
10;22.08.2017;tirsdag;18:00;Midtbygdens 1;-;Austrått 2;;G12 Nivå 2 avd 05;11112205050
1;22.08.2017;tirsdag;20:00;Egersunds 1;5 - 0;Austrått /Ganddal 1;B&G-banen;J16 1. div avd 03 Høst;11216103001
11;22.08.2017;tirsdag;20:00;Austrått 3;0 - 1;Hana 2;Iglemyr kunstgressbane;M 7 div 2017 avdeling 02;11120702051
8;23.08.2017;onsdag;17:00;Frøyland 1;-;Austrått 4;;G08 avd 16;11108116031
8;23.08.2017;onsdag;17:00;Ganddal 1;-;Austrått 1;;J07 avd 06;11207106029
7;23.08.2017;onsdag;17:00;Sandnes Ulf 1;-;Austrått 1;;G06 avd 09;11106109020
8;23.08.2017;onsdag;17:00;Ganddal 5;-;Austrått 1;;G09 avd 17;11109117032
8;23.08.2017;onsdag;18:00;Ålgård 3;-;Austrått 1;;J08 avd 05;11208105029
8;23.08.2017;onsdag;18:00;Austrått 5;-;Riska 1;;G07 avd 14;11107114029
8;23.08.2017;onsdag;18:00;Austrått 2;-;Staal Jørpeland 2;;G08 avd 14;11108114031
7;23.08.2017;onsdag;18:00;Austrått 2;-;Ganddal 1;;J06 avd 01;11206101019
7;23.08.2017;onsdag;18:00;Ganddal 2;-;Austrått 1;;J06 avd 02;11206102019
7;23.08.2017;onsdag;18:00;Austrått 3;-;Forus og Gausel 6;;G06 avd 06;11106106021
8;23.08.2017;onsdag;18:00;Austrått 2;-;Frøyland 2;;J07 avd 09;11207109032
8;23.08.2017;onsdag;18:00;Austrått 1;-;Ganddal 3;;J09 avd 06;11209106030
8;23.08.2017;onsdag;18:00;Austrått 1;-;Bogafjell 1;;G10 Nivå 2 avd 08;11110208029
17;23.08.2017;onsdag;18:00;Austrått 1;2 - 1;Hundvåg 1;Iglemyr gras;G19 1. div avd 01;11119101114
8;23.08.2017;onsdag;18:00;Forsand 1;-;Austrått 4;;G07 avd 13;11107113030
8;23.08.2017;onsdag;18:00;Sandved 3;-;Austrått 1;;G08 avd 13;11108113031
8;23.08.2017;onsdag;18:00;Austrått 3;-;Sandved 2;;G08 avd 15;11108115031
8;23.08.2017;onsdag;18:00;Austrått 3;-;Sandnes Ulf 7;;G09 avd 16;11109116030
8;23.08.2017;onsdag;18:00;Austrått 2;-;Bogafjell 3;;G07 avd 15;11107115029
8;23.08.2017;onsdag;18:00;Austrått 1;-;Ålgård 6;;G07 avd 17;11107117031
8;23.08.2017;onsdag;18:00;Austrått 5;-;Sandved 1;;G08 avd 17;11108117030
8;23.08.2017;onsdag;18:00;Austrått 2;-;Staal Jørpeland 1;;G09 avd 14;11109114030
8;23.08.2017;onsdag;18:00;Orstad 1;-;Austrått 4;;G09 avd 15;11109115032
10;23.08.2017;onsdag;18:00;Sviland 1;-;Austrått 3;;G10 Nivå 3 avd 02;11110302046
7;23.08.2017;onsdag;18:00;Austrått 2;-;Sandnes Ulf 6;;G06 avd 08;11106108021
7;23.08.2017;onsdag;18:00;Austrått 4;-;Sandnes Ulf 7;;G06 avd 10;11106110021
15;23.08.2017;onsdag;20:00;Austrått 1;0 - 6;Egersunds 2;Iglemyr kunstgressbane;G15 1. div avd 01;11115101099
10;24.08.2017;torsdag;18:25;Austrått 1;7 - 1;Bryne 2;Iglemyr kunstgressbane;G16 1. div avd 01;11116101049
17;24.08.2017;torsdag;18:45;Austrått;1 - 4;Kopervik;Iglemyr gras;M 4 div 2017 avdeling 02;11120402114
9;28.08.2017;mandag;17:00;Riska 1;-;Austrått 1;;J09 avd 06;11209106034
2;28.08.2017;mandag;18:30;Viking 2;3 - 1;Austrått /Hana 1;Tastaveden kunstgras;J13 2. div avd 04 Høst;11213204008
14;28.08.2017;mandag;19:00;Austrått 2;1 - 5;Forus og Gausel;Iglemyr gras;M 5 div 2017 avdeling 02;11120502067
11;29.08.2017;tirsdag;17:00;Sandnes Ulf 3;-;Austrått 3;;G12 Nivå 3 avd 02;11112302053
11;29.08.2017;tirsdag;18:00;Austrått 2;-;Bogafjell 3;;G12 Nivå 2 avd 05;11112205055
11;29.08.2017;tirsdag;18:00;Austrått 1;-;Ganddal 3;;J12 Nivå 2 avd 02;11212202051
9;29.08.2017;tirsdag;18:00;Ålgård 3;-;Austrått 2;;G11 Nivå 2 avd 07;11111207036
11;29.08.2017;tirsdag;18:00;Austrått 1;-;Bryne 2;;G11 Nivå 2 avd 08;11111208051
9;29.08.2017;tirsdag;18:00;Kåsen 1;-;Austrått 1;;J11 Nivå 2 avd 03;11211203036
12;29.08.2017;tirsdag;18:00;Austrått 2;-;Ganddal 1;;J12 Nivå 2 avd 04;11212204058
5;29.08.2017;tirsdag;18:30;Havdur 1;0 - 3;Austrått;Tjelta stadion;OBOS cup menn 2017;11533301037
11;29.08.2017;tirsdag;19:00;Egersunds 2;-;Austrått 3;;J12 Nivå 2 avd 05;11212205054
16;29.08.2017;tirsdag;19:00;Finnøy 1;5 - 0;Austrått 1;Leikvoll stadion;G15 1. div avd 01;11115101106
12;29.08.2017;tirsdag;20:00;Havdur 2;3 - 2;Austrått 3;Dysjalandshallen Kunstgress;M 7 div 2017 avdeling 02;11120702056
9;30.08.2017;onsdag;17:00;Havdur 1;-;Austrått 1;;G10 Nivå 2 avd 08;11110208036
9;30.08.2017;onsdag;17:00;Sandnes Ulf 5;-;Austrått 2;;G08 avd 14;11108114033
9;30.08.2017;onsdag;17:00;Ganddal 1;-;Austrått 3;;G08 avd 15;11108115033
9;30.08.2017;onsdag;17:00;Riska 2;-;Austrått 3;;G09 avd 16;11109116034
9;30.08.2017;onsdag;17:30;Frøyland 2;-;Austrått 1;;G07 avd 17;11107117033
9;30.08.2017;onsdag;18:00;Ålgård 1;-;Austrått 2;;J08 avd 06;11208106035
9;30.08.2017;onsdag;18:00;Austrått 4;-;Figgjo 2;;G08 avd 16;11108116034
8;30.08.2017;onsdag;18:00;Austrått 2;-;Voll 2;;G06 avd 08;11106108022
8;30.08.2017;onsdag;18:00;Austrått 4;-;Sandnes Ulf 4;;G06 avd 10;11106110022
8;30.08.2017;onsdag;18:00;Austrått 3;-;Ganddal 2;;G06 avd 06;11106106022
9;30.08.2017;onsdag;18:00;Austrått 1;-;Rosseland 3;;J07 avd 06;11207106033
9;30.08.2017;onsdag;18:00;Austrått 1;-;Orstad 1;;J08 avd 05;11208105033
11;30.08.2017;onsdag;18:00;Bryne 3;-;Austrått 2;;G10 Nivå 2 avd 09;11110209054
9;30.08.2017;onsdag;18:00;Austrått 4;-;Riska 4;;G07 avd 13;11107113035
9;30.08.2017;onsdag;18:00;Austrått 3;-;Frøyland 1;;G07 avd 16;11107116035
9;30.08.2017;onsdag;18:00;Austrått 1;-;Ålgård 2;;G08 avd 13;11108113034
9;30.08.2017;onsdag;18:00;Austrått 4;-;Høle 1;;G09 avd 15;11109115036
9;30.08.2017;onsdag;18:00;Austrått 1;-;Havdur 1;;G09 avd 17;11109117036
11;30.08.2017;onsdag;18:00;Austrått 3;-;Ålgård 3;;G10 Nivå 3 avd 02;11110302051
8;30.08.2017;onsdag;18:00;Forus og Gausel 1;-;Austrått 2;;J06 avd 01;11206101022
9;30.08.2017;onsdag;18:00;Sandved 2;-;Austrått 2;;J07 avd 09;11207109035
9;30.08.2017;onsdag;18:00;Bogafjell 4;-;Austrått 2;;G09 avd 14;11109114034
8;30.08.2017;onsdag;18:00;Voll 1;-;Austrått 1;;G06 avd 09;11106109023
18;30.08.2017;onsdag;20:00;Klepp 1;2 - 1;Austrått 1;Klepp stadion;G19 1. div avd 01;11119101120
12;31.08.2017;torsdag;18:00;Oltedal 1;1 - 5;Austrått 2;;G16 7er avd 01;11116701060
18;01.09.2017;fredag;19:00;Nærbø;6 - 4;Austrått;Loen 1;M 4 div 2017 avdeling 02;11120402120
3;03.09.2017;søndag;19:00;Austrått /Ganddal 1;1 - 3;Forus og Gausel 2;Iglemyr kunstgressbane;J16 1. div avd 03 Høst;11216103008
11;04.09.2017;mandag;18:00;Brusand 1;5 - 2;Austrått 2;Brusand stadion;G19 2. div avd 02;11119202051
9;04.09.2017;mandag;18:30;Austrått 1;1 - 3;Sandved 1;Iglemyr kunstgressbane;G14 2. div avd 03;11114203035
15;04.09.2017;mandag;18:30;Havdur;5 - 0;Austrått 2;Tjelta stadion;M 5 div 2017 avdeling 02;11120502071
10;05.09.2017;tirsdag;17:00;Sandnes Ulf 2;-;Austrått 2;;G11 Nivå 2 avd 07;11111207038
13;05.09.2017;tirsdag;17:10;Austrått 2;15 - 5;Bryne 3;;G16 7er avd 01;11116701065
10;05.09.2017;tirsdag;18:00;Klepp 1;-;Austrått 1;;J11 Nivå 2 avd 03;11211203038
12;05.09.2017;tirsdag;18:00;Sunde 1;-;Austrått 1;;J12 Nivå 2 avd 02;11212202056
12;05.09.2017;tirsdag;18:00;Austrått 3;-;Sandved 3;;G12 Nivå 3 avd 02;11112302059
12;05.09.2017;tirsdag;18:00;Hana 1;-;Austrått 1;;G11 Nivå 2 avd 08;11111208056
10;05.09.2017;tirsdag;18:00;Austrått 2;-;Moi 1 5er;;J11 Nivå 3 avd 03;11211303028
12;05.09.2017;tirsdag;18:00;Austrått 3;-;Moi 1;;J12 Nivå 2 avd 05;11212205058
17;05.09.2017;tirsdag;18:25;Austrått 1;2 - 3;Viking 2;Iglemyr kunstgressbane;G15 1. div avd 01;11115101114
13;05.09.2017;tirsdag;19:00;Rosseland 2;-;Austrått 2;;J12 Nivå 2 avd 04;11212204063
13;05.09.2017;tirsdag;20:00;Austrått 3;0 - 4;Havørn 2;Iglemyr kunstgressbane;M 7 div 2017 avdeling 02;11120702062
10;06.09.2017;onsdag;17:00;Sandnes Ulf 1;-;Austrått 1;;J07 avd 06;11207106037
12;06.09.2017;onsdag;17:00;Hana 1;-;Austrått 2;;G12 Nivå 2 avd 05;11112205060
12;06.09.2017;onsdag;17:00;Sandnes Ulf 1;-;Austrått 3;;G10 Nivå 3 avd 02;11110302056
10;06.09.2017;onsdag;17:00;Ganddal 4;-;Austrått 1;;G08 avd 13;11108113039
10;06.09.2017;onsdag;17:00;Sandnes Ulf 1;-;Austrått 4;;G08 avd 16;11108116039
9;06.09.2017;onsdag;17:00;Sandnes Ulf 2;-;Austrått 2;;G06 avd 08;11106108026
10;06.09.2017;onsdag;18:00;Riska 1;-;Austrått 1;;G10 Nivå 2 avd 08;11110208038
12;06.09.2017;onsdag;18:00;Austrått 2;-;Riska 2;;G10 Nivå 2 avd 09;11110209058
10;06.09.2017;onsdag;18:00;Ålgård 2;-;Austrått 5;;G07 avd 14;11107114038
10;06.09.2017;onsdag;18:00;Ålgård 1;-;Austrått 2;;G07 avd 15;11107115038
10;06.09.2017;onsdag;18:00;Austrått 3;-;Ganddal 3;;G09 avd 16;11109116037
9;06.09.2017;onsdag;18:00;Austrått 1;-;Randaberg 2;;J06 avd 02;11206102027
9;06.09.2017;onsdag;18:00;Austrått 1;-;Ganddal 1;;G06 avd 09;11106109025
9;06.09.2017;onsdag;18:00;Hana 1;-;Austrått 4;;G06 avd 10;11106110026
10;06.09.2017;onsdag;18:00;Austrått 2;-;Lura 1;;J08 avd 06;11208106039
19;06.09.2017;onsdag;18:00;Austrått 1;0 - 3;Varhaug 1;Iglemyr gras;G19 1. div avd 01;11119101129
10;06.09.2017;onsdag;18:00;Austrått 3;-;Hana 2;;G07 avd 16;11107116040
10;06.09.2017;onsdag;18:00;Austrått 3;-;Bogafjell 2;;G08 avd 15;11108115038
10;06.09.2017;onsdag;18:00;Austrått 2;-;Nærbø 4;;J07 avd 09;11207109039
10;06.09.2017;onsdag;18:00;Høle 1;-;Austrått 1;;J08 avd 05;11208105037
10;06.09.2017;onsdag;18:00;Austrått 1;-;Rosseland 4;;J09 avd 06;11209106037
10;06.09.2017;onsdag;18:00;Austrått 1;-;Riska 3;;G07 avd 17;11107117038
10;06.09.2017;onsdag;18:00;Austrått 2;-;Forsand 1;;G08 avd 14;11108114038
10;06.09.2017;onsdag;18:00;Austrått 2;-;Sandnes Ulf 5;;G09 avd 14;11109114037
10;06.09.2017;onsdag;18:00;Dirdal 1;-;Austrått 4;;G09 avd 15;11109115040
10;06.09.2017;onsdag;18:00;Lura 2;-;Austrått 1;;G09 avd 17;11109117040
9;06.09.2017;onsdag;18:00;Mastra 2;-;Austrått 2;;J06 avd 01;11206101025
3;06.09.2017;onsdag;18:30;Austrått /Hana 1;2 - 1;Hundvåg 1;Iglemyr kunstgressbane;J13 2. div avd 04 Høst;11213204013
9;07.09.2017;torsdag;17:20;Hinna 2;-;Austrått 3;;G06 avd 06;11106106026
19;07.09.2017;torsdag;18:00;Austrått;1 - 5;Riska;Iglemyr gras;M 4 div 2017 avdeling 02;11120402129
12;08.09.2017;fredag;19:00;Austrått 2;2 - 7;Eiger 1;Iglemyr kunstgressbane;G19 2. div avd 02;11119202057
2;10.09.2017;søndag;18:00;Austrått /Ganddal 1;1 - 8;Vardeneset 1;Iglemyr kunstgressbane;J16 1. div avd 03 Høst;11216103005
10;11.09.2017;mandag;18:30;Austrått 1;1 - 3;Riska 1;Iglemyr kunstgressbane;G14 2. div avd 03;11114203040
13;12.09.2017;tirsdag;18:00;Austrått 1;-;Randaberg 1;;J12 Nivå 2 avd 02;11212202062
11;12.09.2017;tirsdag;18:00;Austrått 2;-;Sokndal 1;;J11 Nivå 3 avd 03;11211303033
13;12.09.2017;tirsdag;18:00;Varhaug 1;-;Austrått 3;;J12 Nivå 2 avd 05;11212205063
11;12.09.2017;tirsdag;18:00;Austrått 2;-;Hana 2;;G11 Nivå 2 avd 07;11111207042
13;12.09.2017;tirsdag;18:00;Austrått 1;-;Havdur 1;;G11 Nivå 2 avd 08;11111208062
11;12.09.2017;tirsdag;18:00;Austrått 1;-;Bjerkreim 1;;J11 Nivå 2 avd 03;11211203042
13;12.09.2017;tirsdag;18:30;Vardeneset 3;-;Austrått 3;;G12 Nivå 3 avd 02;11112302062
14;12.09.2017;tirsdag;19:00;Hellvik 1;0 - 9;Austrått 2;;G16 7er avd 01;11116701070
14;12.09.2017;tirsdag;20:00;Hinna 2;5 - 1;Austrått 3;NSE Banen - Hinna Stadion;M 7 div 2017 avdeling 02;11120702066
18;12.09.2017;tirsdag;20:00;Hundvåg 1;4 - 0;Austrått 1;Hundvåg kunstgress 2;G15 1. div avd 01;11115101120
4;12.09.2017;tirsdag;20:00;Vigrestad 1;5 - 1;Austrått /Ganddal 1;Vigrestad Kunstgress;J16 1. div avd 03 Høst;11216103010
11;13.09.2017;onsdag;17:00;Ganddal 1;-;Austrått 3;;G07 avd 16;11107116041
11;13.09.2017;onsdag;17:00;Frøyland 2;-;Austrått 2;;J08 avd 06;11208106043
13;13.09.2017;onsdag;17:00;Sandnes Ulf 3;-;Austrått 2;;G10 Nivå 2 avd 09;11110209063
11;13.09.2017;onsdag;17:00;Lura 2;-;Austrått 5;;G08 avd 17;11108117042
10;13.09.2017;onsdag;17:00;Sandnes Ulf 8;-;Austrått 1;;G06 avd 09;11106109030
11;13.09.2017;onsdag;17:30;Høle 1;-;Austrått 4;;G07 avd 13;11107113041
11;13.09.2017;onsdag;18:00;Austrått 2;-;Hana 3;;G07 avd 15;11107115042
11;13.09.2017;onsdag;18:00;Austrått 4;-;Bogafjell 5;;G08 avd 16;11108116041
13;13.09.2017;onsdag;18:00;Austrått 3;-;Figgjo 1;;G10 Nivå 3 avd 02;11110302062
10;13.09.2017;onsdag;18:00;Austrått 2;-;Ganddal 5;;G06 avd 08;11106108029
11;13.09.2017;onsdag;18:00;Austrått 1;-;Frøyland 1;;J08 avd 05;11208105043
11;13.09.2017;onsdag;18:00;Frøyland 1;-;Austrått 1;;J09 avd 06;11209106042
11;13.09.2017;onsdag;18:00;Austrått 1;-;Hinna 7;;G10 Nivå 2 avd 08;11110208042
10;13.09.2017;onsdag;18:00;Austrått 2;-;Randaberg 1;;J06 avd 01;11206101028
11;13.09.2017;onsdag;18:00;Austrått 1;-;Bogafjell 2;;J07 avd 06;11207106043
11;13.09.2017;onsdag;18:00;Bogafjell 1;-;Austrått 2;;J07 avd 09;11207109043
11;13.09.2017;onsdag;18:00;Austrått 5;-;Bogafjell 2;;G07 avd 14;11107114042
11;13.09.2017;onsdag;18:00;Austrått 1;-;Lura 1;;G08 avd 13;11108113041
11;13.09.2017;onsdag;18:00;Austrått 4;-;Bogafjell 1;;G09 avd 15;11109115044
11;13.09.2017;onsdag;18:00;Ålgård 5;-;Austrått 3;;G09 avd 16;11109116042
11;13.09.2017;onsdag;18:00;Austrått 1;-;Riska 1;;G09 avd 17;11109117044
10;13.09.2017;onsdag;18:00;Austrått 3;-;Forus og Gausel 4;;G06 avd 06;11106106029
10;13.09.2017;onsdag;18:00;Mastra 1;-;Austrått 1;;J06 avd 02;11206102029
13;13.09.2017;onsdag;20:00;Ålgård 2;1 - 6;Austrått 2;Solås kunstgressbane;G19 2. div avd 02;11119202065
20;16.09.2017;lørdag;15:00;Skjold;1 - 2;Austrått;Grinde gras;M 4 div 2017 avdeling 02;11120402134
13;17.09.2017;søndag;18:00;Vaulen 1;5 - 0;Austrått 1;Vaulenbanen;G16 1. div avd 01;11116101065
11;18.09.2017;mandag;17:00;Lura 1;4 - 1;Austrått 1;Lura stadion;G14 2. div avd 03;11114203041
17;18.09.2017;mandag;20:00;Sandved;4 - 4;Austrått 2;Sandved kunstgress;M 5 div 2017 avdeling 02;11120502082
14;18.09.2017;mandag;20:00;Nærbø 1;2 - 0;Austrått 2;Loen 1;G19 2. div avd 02;11119202068
5;19.09.2017;tirsdag;17:00;Ålgård 1;0 - 3;Austrått /Hana 1;Solås kunstgressbane;J13 2. div avd 04 Høst;11213204025
15;19.09.2017;tirsdag;17:10;Austrått 2;2 - 3;Ålgård 3;;G16 7er avd 01;11116701075
12;19.09.2017;tirsdag;18:00;Høle 1;-;Austrått 1;;J09 avd 06;11209106047
14;19.09.2017;tirsdag;18:00;Sandved 2;-;Austrått 1;;J12 Nivå 2 avd 02;11212202066
14;19.09.2017;tirsdag;18:00;Austrått 3;-;Bjerkreim 1;;J12 Nivå 2 avd 05;11212205066
14;19.09.2017;tirsdag;18:00;Klepp 1;-;Austrått 1;;G11 Nivå 2 avd 08;11111208066
14;19.09.2017;tirsdag;18:00;Hinna 4;-;Austrått 2;;G12 Nivå 2 avd 05;11112205070
12;19.09.2017;tirsdag;18:00;Tonstad 1;-;Austrått 2;;J11 Nivå 3 avd 03;11211303034
14;19.09.2017;tirsdag;18:00;Austrått 3;-;Orstad 1;;G12 Nivå 3 avd 02;11112302067
19;19.09.2017;tirsdag;18:25;Austrått 1;1 - 3;Klebe 1;Iglemyr kunstgressbane;G15 1. div avd 01;11115101129
15;19.09.2017;tirsdag;18:30;Riska 1;-;Austrått 2;;J12 Nivå 2 avd 04;11212204072
15;19.09.2017;tirsdag;20:00;Austrått 3;0 - 5;Riska 3;Iglemyr kunstgressbane;M 7 div 2017 avdeling 02;11120702073
12;20.09.2017;onsdag;17:00;Frøyland 4;-;Austrått 2;;G07 avd 15;11107115046
12;20.09.2017;onsdag;18:00;Sandved 1;-;Austrått 1;;J07 avd 06;11207106045
12;20.09.2017;onsdag;18:00;Austrått 2;-;Ålgård 2;;J07 avd 09;11207109046
12;20.09.2017;onsdag;18:00;Sandved 2;-;Austrått 1;;J08 avd 05;11208105045
12;20.09.2017;onsdag;18:00;Austrått 2;-;Hana 1;;G08 avd 14;11108114047
12;20.09.2017;onsdag;18:00;Staal Jørpeland 1;-;Austrått 5;;G08 avd 17;11108117047
12;20.09.2017;onsdag;18:00;Bogafjell 2;-;Austrått 3;;G09 avd 16;11109116047
12;20.09.2017;onsdag;18:00;Austrått 4;-;Bogafjell 1;;G07 avd 13;11107113045
12;20.09.2017;onsdag;18:00;Lura 3;-;Austrått 5;;G07 avd 14;11107114046
12;20.09.2017;onsdag;18:00;Austrått 3;-;Ålgård 5;;G07 avd 16;11107116045
12;20.09.2017;onsdag;18:00;Austrått 1;-;Orstad 2;;G07 avd 17;11107117047
12;20.09.2017;onsdag;18:00;Austrått 1;-;Hana 2;;G08 avd 13;11108113048
12;20.09.2017;onsdag;18:00;Austrått 3;-;Sandnes Ulf 4;;G08 avd 15;11108115047
12;20.09.2017;onsdag;18:00;Hana 1;-;Austrått 2;;G09 avd 14;11109114047
12;20.09.2017;onsdag;18:00;Bogafjell 3;-;Austrått 1;;G09 avd 17;11109117048
14;20.09.2017;onsdag;18:00;Forsand 1;-;Austrått 3;;G10 Nivå 3 avd 02;11110302066
12;20.09.2017;onsdag;18:00;Austrått 2;-;Sandved 1;;J08 avd 06;11208106046
12;20.09.2017;onsdag;18:00;Sola 2;-;Austrått 1;;G10 Nivå 2 avd 08;11110208046
14;20.09.2017;onsdag;18:00;Austrått 2;-;Hana 3;;G10 Nivå 2 avd 09;11110209066
12;21.09.2017;torsdag;18:00;Rosseland 3;-;Austrått 1;;J11 Nivå 2 avd 03;11211203046
18;21.09.2017;torsdag;18:00;Austrått 2;4 - 0;Forsand;Iglemyr kunstgressbane;M 5 div 2017 avdeling 02;11120502087
14;21.09.2017;torsdag;20:00;Viking 2;3 - 3;Austrått 1;Vestbanen;G16 1. div avd 01;11116101068
21;24.09.2017;søndag;17:00;Austrått 1;1 - 1;Egersunds 1;Iglemyr gras;G19 1. div avd 01;11119101144
21;25.09.2017;mandag;17:30;Austrått;4 - 1;Vard Haugesund 2;Iglemyr gras;M 4 div 2017 avdeling 02;11120402144
15;25.09.2017;mandag;19:00;Austrått 2;0 - 1;Egersunds 2;Iglemyr kunstgressbane;G19 2. div avd 02;11119202071
15;26.09.2017;tirsdag;17:00;Frøyland 2;-;Austrått 3;;G12 Nivå 3 avd 02;11112302071
13;26.09.2017;tirsdag;18:00;Austrått 2;-;Høle 1;;G11 Nivå 2 avd 07;11111207050
13;26.09.2017;tirsdag;18:00;Austrått 1;-;Klepp 2;;J11 Nivå 2 avd 03;11211203050
15;26.09.2017;tirsdag;18:00;Austrått 2;-;Ålgård 4;;G12 Nivå 2 avd 05;11112205075
15;26.09.2017;tirsdag;18:00;Austrått 1;-;Riska 1;;G11 Nivå 2 avd 08;11111208073
13;26.09.2017;tirsdag;18:00;Austrått 2;-;Orstad 1;;J11 Nivå 3 avd 03;11211303037
16;26.09.2017;tirsdag;18:00;Austrått 2;-;Klepp 1;;J12 Nivå 2 avd 04;11212204078
15;26.09.2017;tirsdag;18:00;Austrått 1;-;Madla 1;;J12 Nivå 2 avd 02;11212202073
15;26.09.2017;tirsdag;18:30;Egersunds 1;-;Austrått 3;;J12 Nivå 2 avd 05;11212205072
6;26.09.2017;tirsdag;18:30;Austrått /Hana 1;2 - 1;Mastra 1;Iglemyr kunstgressbane;J13 2. div avd 04 Høst;11213204029
20;26.09.2017;tirsdag;20:00;Klepp 1;3 - 1;Austrått 1;Klepp stadion;G15 1. div avd 01;11115101134
6;26.09.2017;tirsdag;20:00;Austrått /Ganddal 1;2 - 3;Egersunds 1;Iglemyr kunstgressbane;J16 1. div avd 03 Høst;11216103016
8;27.09.2017;onsdag;17:00;Hana 2;5 - 1;Austrått 1;Hanabanen;G14 2. div avd 03;11114203030
13;27.09.2017;onsdag;17:00;Riska 1;-;Austrått 1;;G08 avd 13;11108113051
16;27.09.2017;onsdag;17:00;Ålgård 2;8 - 3;Austrått 2;;G16 7er avd 01;11116701080
13;27.09.2017;onsdag;17:00;Sandnes Ulf 2;-;Austrått 2;;J08 avd 06;11208106049
13;27.09.2017;onsdag;17:00;Ganddal 2;-;Austrått 4;;G08 avd 16;11108116051
15;27.09.2017;onsdag;18:00;Bogafjell 2;-;Austrått 2;;G10 Nivå 2 avd 09;11110209072
13;27.09.2017;onsdag;18:00;Lura 1;-;Austrått 3;;G07 avd 16;11107116050
13;27.09.2017;onsdag;18:00;Oltedal 1;-;Austrått 4;;G09 avd 15;11109115052
13;27.09.2017;onsdag;18:00;Klebe 1;-;Austrått 2;;J07 avd 09;11207109049
13;27.09.2017;onsdag;18:00;Austrått 1;-;Sandved 1;;G10 Nivå 2 avd 08;11110208050
13;27.09.2017;onsdag;18:00;Sviland 1;-;Austrått 4;;G07 avd 13;11107113050
13;27.09.2017;onsdag;18:00;Austrått 5;-;Sandnes Ulf 2;;G07 avd 14;11107114050
13;27.09.2017;onsdag;18:00;Austrått 2;-;Riska 2;;G07 avd 15;11107115050
13;27.09.2017;onsdag;18:00;Austrått 2;-;Høle 1;;G08 avd 14;11108114049
13;27.09.2017;onsdag;18:00;Austrått 3;-;Riska 2;;G08 avd 15;11108115049
13;27.09.2017;onsdag;18:00;Ålgård 4;-;Austrått 1;;G09 avd 17;11109117052
15;27.09.2017;onsdag;18:00;Austrått 3;-;Klebe 1;;G10 Nivå 3 avd 02;11110302073
13;27.09.2017;onsdag;18:00;Austrått 1;-;Klebe 2;;J07 avd 06;11207106051
13;27.09.2017;onsdag;18:00;Austrått 1;-;Bogafjell 5;;G07 avd 17;11107117049
13;27.09.2017;onsdag;18:00;Austrått 5;-;Bogafjell 1;;G08 avd 17;11108117052
13;27.09.2017;onsdag;18:00;Austrått 2;-;Sandved 2;;G09 avd 14;11109114052
13;27.09.2017;onsdag;18:00;Austrått 3;-;Ålgård 1;;G09 avd 16;11109116052
16;27.09.2017;onsdag;20:00;Julebygda;6 - 1;Austrått 3;Sandved kunstgress;M 7 div 2017 avdeling 02;11120702076
22;27.09.2017;onsdag;20:00;Frøyland 1;2 - 0;Austrått 1;Frøyland kunstgress;G19 1. div avd 01;11119101148
15;28.09.2017;torsdag;19:00;Austrått 1;1 - 1;Sola 1;Iglemyr kunstgressbane;G16 1. div avd 01;11116101071
22;29.09.2017;fredag;19:00;Vardeneset;5 - 4;Austrått;Vardeneset kunstgress 1- Modenabanen;M 4 div 2017 avdeling 02;11120402148
19;02.10.2017;mandag;18:00;Staal Jørpeland 2;4 - 2;Austrått 2;Jørpeland kunstgress hoved;M 5 div 2017 avdeling 02;11120502093
16;02.10.2017;mandag;20:00;Frøyland 2;1 - 3;Austrått 2;Frøyland kunstgress;G19 2. div avd 02;11119202078
14;03.10.2017;tirsdag;17:00;Riska 2;-;Austrått 2;;G11 Nivå 2 avd 07;11111207053
16;03.10.2017;tirsdag;17:00;Sandnes Ulf 5;-;Austrått 1;;G11 Nivå 2 avd 08;11111208076
14;03.10.2017;tirsdag;18:00;Havdur 1;-;Austrått 1;;J11 Nivå 2 avd 03;11211203053
16;03.10.2017;tirsdag;18:00;Austrått 3;-;Kvitsøy 1;;G12 Nivå 3 avd 02;11112302079
16;03.10.2017;tirsdag;18:00;Klepp 5;-;Austrått 2;;G12 Nivå 2 avd 05;11112205080
16;03.10.2017;tirsdag;18:00;Lura 1;-;Austrått 1;;J12 Nivå 2 avd 02;11212202076
16;03.10.2017;tirsdag;18:00;Austrått 3;-;Ganddal 2;;J12 Nivå 2 avd 05;11212205078
21;03.10.2017;tirsdag;18:25;Austrått 1;2 - 3;Vaulen 1;Iglemyr kunstgressbane;G15 1. div avd 01;11115101144
14;03.10.2017;tirsdag;18:30;Frøyland 2;-;Austrått 3;;G09 avd 16;11109116055
17;03.10.2017;tirsdag;19:00;Rosseland 1;-;Austrått 2;;J12 Nivå 2 avd 04;11212204081
17;03.10.2017;tirsdag;20:00;Austrått 3;1 - 1;Stavanger 2;Iglemyr kunstgressbane;M 7 div 2017 avdeling 02;11120702084
14;04.10.2017;onsdag;17:00;Ganddal 3;-;Austrått 5;;G08 avd 17;11108117055
14;04.10.2017;onsdag;17:00;Riska 3;-;Austrått 2;;G09 avd 14;11109114055
14;04.10.2017;onsdag;18:00;Bogafjell 4;-;Austrått 2;;G08 avd 14;11108114054
14;04.10.2017;onsdag;18:00;Ålgård 4;-;Austrått 3;;G08 avd 15;11108115054
14;04.10.2017;onsdag;18:00;Austrått 4;-;Ålgård 5;;G08 avd 16;11108116053
14;04.10.2017;onsdag;18:00;Austrått 1;-;Sandnes Ulf 6;;G09 avd 17;11109117056
14;04.10.2017;onsdag;18:00;Austrått 2;-;Bogafjell 1;;J08 avd 06;11208106055
14;04.10.2017;onsdag;18:00;Bogafjell 1;-;Austrått 1;;J09 avd 06;11209106055
16;04.10.2017;onsdag;18:00;Austrått 2;-;Ganddal 1;;G10 Nivå 2 avd 09;11110209078
14;04.10.2017;onsdag;18:00;Austrått 2;-;Sviland 1;;J07 avd 09;11207109055
14;04.10.2017;onsdag;18:00;Hana 2;-;Austrått 1;;G10 Nivå 2 avd 08;11110208053
14;04.10.2017;onsdag;18:00;Austrått 4;-;Hana 4;;G07 avd 13;11107113054
14;04.10.2017;onsdag;18:00;Hana 1;-;Austrått 5;;G07 avd 14;11107114053
14;04.10.2017;onsdag;18:00;Figgjo 1;-;Austrått 2;;G07 avd 15;11107115053
14;04.10.2017;onsdag;18:00;Austrått 3;-;Figgjo 2;;G07 avd 16;11107116054
14;04.10.2017;onsdag;18:00;Austrått 1;-;Bogafjell 3;;G08 avd 13;11108113053
16;04.10.2017;onsdag;18:15;Sandnes Ulf 6;-;Austrått 3;;G10 Nivå 3 avd 02;11110302097
23;05.10.2017;torsdag;17:00;Austrått;2 - 4;Varhaug;Iglemyr gras;M 4 div 2017 avdeling 02;11120402159
7;05.10.2017;torsdag;18:00;KFUM Stavanger 1;1 - 4;Austrått /Hana 1;Lassa kunstgress 1 7er A;J13 2. div avd 04 Høst;11213204031
12;05.10.2017;torsdag;19:00;Austrått 1;2 - 2;Sandnes Ulf 3;Iglemyr kunstgressbane;G14 2. div avd 03;11114203045
7;05.10.2017;torsdag;20:00;Vardeneset 1;11 - 1;Austrått /Ganddal 1;Vardeneset kunstgress 1- Modenabanen;J16 1. div avd 03 Høst;11216103020
23;06.10.2017;fredag;19:00;Austrått 1;1 - 1;Midtbygdens 1;Iglemyr kunstgressbane;G19 1. div avd 01;11119101159
18;07.10.2017;lørdag;14:00;Rosseland 2;0 - 3;Austrått 3;Rosselandbanen;M 7 div 2017 avdeling 02;11120702090
20;09.10.2017;mandag;19:00;Austrått 2;3 - 3;Oltedal;Iglemyr kunstgressbane;M 5 div 2017 avdeling 02;11120502097
24;12.10.2017;torsdag;19:00;Vaulen;4 - 1;Austrått;Vaulenbanen;M 4 div 2017 avdeling 02;11120402162
14;16.10.2017;mandag;17:00;Sandnes Ulf 4;-;Austrått 1;;G07 avd 17;11107117054
17;16.10.2017;mandag;18:45;Forus og Gausel 2;-;Austrått 2;;G12 Nivå 2 avd 05;11112205085
24;16.10.2017;mandag;20:00;Vidar 1;3 - 4;Austrått 1;Lassa kunstgress 1;G19 1. div avd 01;11119101162
17;17.10.2017;tirsdag;18:00;Austrått 1;-;Ålgård 4;;G11 Nivå 2 avd 08;11111208084
17;17.10.2017;tirsdag;18:00;Austrått 1;-;Mastra 1;;J12 Nivå 2 avd 02;11212202084
18;17.10.2017;tirsdag;18:00;Austrått 2;-;Voll 1;;J12 Nivå 2 avd 04;11212204089
17;17.10.2017;tirsdag;18:00;Austrått 3;-;Forus og Gausel 3;;G12 Nivå 3 avd 02;11112302085
15;17.10.2017;tirsdag;18:00;Moi 1 5er;-;Austrått 2;;J11 Nivå 3 avd 03;11211303043
8;17.10.2017;tirsdag;18:30;Austrått /Hana 1;4 - 3;Randaberg 2;Iglemyr kunstgressbane;J13 2. div avd 04 Høst;11213204038
21;17.10.2017;tirsdag;19:00;Bogafjell;8 - 0;Austrått 2;Bogafjellbanen;M 5 div 2017 avdeling 02;11120502104
17;17.10.2017;tirsdag;19:00;Rosseland 3;-;Austrått 3;;J12 Nivå 2 avd 05;11212205081
23;17.10.2017;tirsdag;20:00;Austrått 1;0 - 1;Vardeneset 1;Iglemyr kunstgressbane;G15 1. div avd 01;11115101159
17;18.10.2017;onsdag;18:00;Rosseland 4;-;Austrått 2;;G10 Nivå 2 avd 09;11110209081
18;18.10.2017;onsdag;18:30;Austrått 2;1 - 2;Finnøy 1;;G16 7er avd 01;11116701090
17;18.10.2017;onsdag;20:00;Austrått 2;2 - 5;Moi 1;Iglemyr kunstgressbane;G19 2. div avd 02;11119202082
8;19.10.2017;torsdag;18:30;Forus og Gausel 2;4 - 1;Austrått /Ganddal 1;Knudamyra kunstgress 1;J16 1. div avd 03 Høst;11216103023
17;20.10.2017;fredag;18:30;Madla 1;1 - 3;Austrått 1;ISS Kunstgress Madla;G16 1. div avd 01;11116101098
25;21.10.2017;lørdag;15:00;Austrått;0 - 2;Åkra;Iglemyr gras;M 4 div 2017 avdeling 02;11120402174
22;22.10.2017;søndag;14:00;Austrått 2;3 - 1;Vardeneset 2;Iglemyr kunstgressbane;M 5 div 2017 avdeling 02;11120502106
18;23.10.2017;mandag;20:00;Sandnes Ulf 2;0 - 4;Austrått 2;Hovedbane 2 - kunstgress;G19 2. div avd 02;11119202087
18;24.10.2017;tirsdag;17:30;Ganddal 1;-;Austrått 3;;G12 Nivå 3 avd 02;11112302089
18;24.10.2017;tirsdag;18:00;Finnøy 1;-;Austrått 1;;J12 Nivå 2 avd 02;11212202090
18;24.10.2017;tirsdag;18:00;Austrått 3;-;Frøyland 1;;J12 Nivå 2 avd 05;11212205089
18;24.10.2017;tirsdag;18:00;Austrått 2;-;Riska 2;;G12 Nivå 2 avd 05;11112205090
18;24.10.2017;tirsdag;18:00;Bogafjell 5;-;Austrått 1;;G11 Nivå 2 avd 08;11111208090
9;24.10.2017;tirsdag;18:30;Forus og Gausel 1;1 - 4;Austrått /Hana 1;Knudamyra kunstgress 2;J13 2. div avd 04 Høst;11213204042
24;24.10.2017;tirsdag;20:00;Nærbø 1;3 - 4;Austrått 1;Loen 1;G15 1. div avd 01;11115101162
18;25.10.2017;onsdag;18:00;Ganddal 2;-;Austrått 3;;G10 Nivå 3 avd 02;11110302090
18;25.10.2017;onsdag;18:00;Austrått 2;-;Lura 1;;G10 Nivå 2 avd 09;11110209089
18;25.10.2017;onsdag;18:30;Randaberg 1;4 - 0;Austrått 1;Randaberg Kunstgress;G16 1. div avd 01;11116101087
25;25.10.2017;onsdag;20:00;Austrått 1;0 - 3;Randaberg 1;Iglemyr kunstgressbane;G19 1. div avd 01;11119101174
9;26.10.2017;torsdag;19:00;Austrått /Ganddal 1;1 - 6;Vigrestad 1;Iglemyr kunstgressbane;J16 1. div avd 03 Høst;11216103025
17;26.10.2017;torsdag;19:00;Mastra 1;4 - 11;Austrått 2;;G16 7er avd 01;11116701085
26;28.10.2017;lørdag;15:00;Ålgård;1 - 3;Austrått;Nye Ålgård Stadion;M 4 div 2017 avdeling 02;11120402182
16;31.10.2017;tirsdag;17:30;Tjensvoll 1;5 - 2;Austrått 1;Sørmarka Kunstgressbane;G16 1. div avd 01;11116101078
6;31.10.2017;tirsdag;19:00;Austrått;2 - 3;Djerv 1919;Rennesøy Fotballbane;OBOS cup menn 2017;11533301039
26;01.11.2017;onsdag;20:00;Ålgård 1;3 - 3;Austrått 1;Nye Ålgård Stadion;G19 1. div avd 01;11119101182
3;05.11.2017;søndag;11:15;Klepp;2 - 3;Austrått 1;Randaberg Arena;OBOS cupen G16;11116121005
26;07.11.2017;tirsdag;18:00;Ålgård 1;3 - 1;Austrått 1;Nye Ålgård Stadion;G15 1. div avd 01;11115101182
1;26.02.2018;mandag;19:30;Frøyland 1;-;Austrått 1;;NM G19;11119901001
